city_ID_i,pop_i,unemp_i,pcinc_i,div_i,dem_i,lat_i,longt_i,cm_i,mc_i,co_i
101852,23106,0.148647329,20811,0.534088865,0.305990544,33.67344,-85.810918,1,0,0
121184,65496,0.069258252,24306,0.495560058,0.272564031,31.233698,-85.406823,1,0,0
151000,205764,0.082948617,24409,0.538714062,0.520877691,32.346251,-86.268593,0,1,0
178552,34033,0.035011824,50017,0.179971351,0.616715406,33.462496,-86.739508,0,1,0
404720,76238,0.08493816,21331,0.579010655,0.363680978,33.313041,-112.329077,1,0,0
406260,5575,0.083847102,21689,0.274969889,0.363680978,31.398036,-109.931834,1,0,0
408220,39540,0.135635579,20768,0.309317215,0.553789117,35.129773,-114.561149,1,0,0
422220,31797,0.066542086,15973,0.539222599,0.442930931,33.590224,-112.327102,1,0,0
422360,16631,0.147184098,9979,0.686127639,0.442930931,32.743112,-111.59848,1,0,0
423620,65870,0.06427552,22959,0.434845115,0.442930931,35.185217,-111.620726,1,0,0
423760,25536,0.081468732,8577,0.550914585,0.442930931,33.051517,-111.412785,1,0,0
427050,1922,0.110497238,12203,0.555973822,0.442930931,32.948625,-112.70553,0,1,0
427820,226721,0.093667558,23373,0.492885573,0.442930931,33.533111,-112.189901,1,0,0
444270,34961,0.069654392,30802,0.315159203,0.442930931,32.465396,-111.139016,1,0,0
444410,43482,0.047944083,26609,0.476554762,0.442930931,33.045487,-112.015485,1,0,0
446000,439041,0.068985279,24647,0.381271531,0.442930931,33.401926,-111.717379,1,0,0
449640,20837,0.120431173,14572,0.415130217,0.442930931,31.362463,-110.933538,0,1,0
451600,41011,0.062987542,38643,0.189908684,0.248673035,32.422094,-110.976235,1,0,0
454050,154065,0.062671315,29279,0.312270361,0.431168196,33.787708,-112.3111,1,0,0
455000,1445632,0.074342341,24460,0.511705304,0.529658549,33.572162,-112.087966,1,0,0
457450,38822,0.07583047,21016,0.216772141,0.529658549,34.579376,-112.448176,1,0,0
458150,26361,0.066963871,26507,0.28998452,0.529658549,33.241183,-111.640283,1,0,0
465350,10031,0.04965358,44240,0.183424187,0.38936938,34.857323,-111.794933,1,0,0
467800,5590,0.02977062,16229,0.273641725,0.38936938,34.518972,-110.089988,1,0,0
471300,2837,0.049295775,19672,0.433406734,0.38936938,33.285146,-111.1103,0,1,0
471510,117517,0.073873103,25884,0.334865315,0.38936938,33.670612,-112.452674,1,0,0
477000,520116,0.085881005,20243,0.471761094,0.697057104,32.154289,-110.871062,1,0,0
482740,6363,0.080680977,28128,0.176073075,0.324594158,33.970393,-112.752672,1,0,0
483090,3757,0.091472868,20595,0.457974039,0.324594158,32.251646,-109.835734,1,0,0
485540,93064,0.09101371,20472,0.466832736,0.4473078,32.516261,-114.521811,1,0,0
524550,86209,0.057218028,22008,0.487712682,0.320317335,35.349276,-94.370883,1,0,0
533400,35193,0.112760759,20205,0.39905142,0.28014382,34.491992,-93.050809,1,0,0
568810,29919,0.086732472,20365,0.499214175,0.288739748,33.436343,-93.987116,1,0,0
600562,73812,0.081138466,38434,0.62644807,0.787717091,37.764471,-122.283273,1,0,0
600674,18539,0.056252009,36819,0.591555075,0.787717091,37.888621,-122.325662,1,0,0
600947,47823,0.055451559,43231,0.447352935,0.787717091,33.577933,-117.729952,1,0,0
602000,336265,0.096133539,22911,0.617159983,0.787717091,33.855497,-117.760071,1,0,0
602252,102372,0.10314864,25458,0.67105952,0.787717091,37.977541,-121.797618,1,0,0
602364,69135,0.129193063,22410,0.48319569,0.787717091,34.533376,-117.210358,1,0,0
602462,56364,0.047410415,37973,0.540306355,0.787717091,34.132689,-118.036347,1,0,0
603526,347483,0.10199176,23022,0.592231558,0.787717091,35.321213,-119.018291,1,0,0
603666,75390,0.101887229,15228,0.629010478,0.362774733,34.082824,-117.971286,1,0,0
603820,29603,0.095340014,21020,0.530522521,0.674273669,33.946032,-116.899241,1,0,0
604030,22639,0.086824885,19643,0.632237622,0.674273669,34.866788,-117.043006,1,0,0
604758,36877,0.067504363,24755,0.548477761,0.674273669,33.863083,-116.950461,1,0,0
604982,76616,0.072922354,20345,0.694186833,0.674273669,33.887821,-118.12725,1,0,0
604996,42072,0.080691012,12146,0.526575867,0.674273669,33.964379,-118.154437,1,0,0
605108,25835,0.058892409,52376,0.490739908,0.674273669,37.514398,-122.294475,1,0,0
605290,26997,0.048269581,43112,0.448421358,0.674273669,38.0688,-122.150946,1,0,0
606000,112580,0.067113619,36498,0.586774569,0.674273669,37.866702,-122.299066,1,0,0
606308,34109,0.070436743,66769,0.308273971,0.674273669,34.07923,-118.402437,1,0,0
608954,103340,0.068029096,33320,0.440765393,0.674273669,37.321073,-121.930457,1,0,0
609066,28806,0.065474182,49532,0.48801054,0.674273669,37.589952,-122.363342,1,0,0
609710,38572,0.161045975,14472,0.497094644,0.674273669,32.684321,-115.494579,1,0,0
610345,39349,0.061580238,43199,0.507787886,0.398442564,37.280232,-121.954352,1,0,0
611194,105328,0.064597674,44587,0.302414758,0.49977185,33.123909,-117.282835,1,0,0
611530,91714,0.093495935,23318,0.751245183,0.49977185,33.840367,-118.249574,1,0,0
612048,51200,0.09026398,22374,0.516233353,0.49977185,33.835487,-116.463103,1,0,0
612524,45417,0.138491822,18154,0.565613848,0.579970187,37.596636,-120.954907,1,0,0
613392,243916,0.088222756,24646,0.619527143,0.579970187,32.62767,-117.01517,1,0,0
613756,34926,0.069698208,36407,0.469553159,0.665528707,34.125192,-117.713725,1,0,0
614260,40704,0.148771477,12019,0.521815347,0.404142407,33.69102,-116.145098,1,0,0
614274,13380,0.047038821,12060,0.550681717,0.707238844,36.133056,-120.339028,1,0,0
614890,52154,0.107278272,16496,0.636597236,0.707238844,34.054553,-117.325031,1,0,0
616000,122067,0.083048198,31029,0.530689634,0.707238844,37.972179,-122.001584,1,0,0
616378,18912,0.058214748,47141,0.218180784,0.707238844,32.657202,-117.156137,1,0,0
617022,7643,0.187841945,9953,0.528444179,0.707238844,41.766508,-124.198945,1,0,0
617568,38883,0.064081396,40523,0.583125403,0.707238844,34.00582,-118.396781,1,0,0
617610,58302,0.068992596,49890,0.498097507,0.707238844,37.319398,-122.044956,1,0,0
617750,47802,0.060410793,32338,0.591618684,0.707238844,33.818477,-118.038307,1,0,0
617918,101123,0.087337328,27731,0.598920879,0.707238844,37.700941,-122.464978,1,0,0
617988,42039,0.053158629,62537,0.295004109,0.707238844,37.812191,-121.969955,1,0,0
618506,4161,0.022146508,81069,0.114547825,0.707238844,32.962831,-117.262393,1,0,0
619192,55544,0.051904419,33145,0.601399502,0.707238844,34.001573,-117.817601,1,0,0
620018,46036,0.066031123,39337,0.639725308,0.707238844,37.714291,-121.901317,1,0,0
622020,153015,0.080789232,29164,0.678332453,0.707238844,38.414423,-121.384937,1,0,0
622300,29793,0.075626621,25839,0.365875104,0.707238844,35.64074,-120.654268,1,0,0
622678,59518,0.055143453,48226,0.253956877,0.707238844,33.050632,-117.263616,1,0,0
622804,143911,0.080842411,23182,0.542042739,0.707238844,33.133648,-117.073223,1,0,0
623042,27191,0.087968855,22959,0.356481426,0.707238844,40.793304,-124.15535,1,0,0
623168,7441,0.039102422,47572,0.204199787,0.707238844,37.988378,-122.595097,1,0,0
623616,10588,0.15574726,9918,0.531467612,0.707238844,36.305352,-119.208135,1,0,0
625058,7273,0.109501738,18831,0.397336506,0.707238844,39.441069,-123.80362,1,0,0
625296,11926,0.055904523,22986,0.320675624,0.707238844,40.585411,-124.142608,1,0,0
625380,55313,0.06495157,35035,0.560872886,0.707238844,33.710582,-117.951129,1,0,0
626000,214089,0.065407358,37844,0.61442157,0.707238844,37.494373,-121.941117,1,0,0
627000,494665,0.123990564,19709,0.654369572,0.707238844,36.782674,-119.794492,1,0,0
628112,23647,0.096143449,21112,0.489682041,0.707238844,38.267461,-121.303836,1,0,0
630000,191719,0.080284573,29823,0.456030982,0.707238844,34.181393,-118.24583,1,0,0
630994,16330,0.172044433,14345,0.552321197,0.707238844,36.323292,-121.244924,1,0,0
631393,13156,0.060005582,24328,0.394025755,0.707238844,35.120888,-120.619664,1,0,0
631414,7080,0.067239336,14090,0.56077153,0.707238844,34.961631,-120.573377,1,0,0
631708,11324,0.075728155,44762,0.389754239,0.761582304,37.46677,-122.437378,1,0,0
633308,24060,0.067021681,37813,0.688419624,0.761582304,38.021425,-122.288924,1,0,0
633434,90173,0.153999946,17815,0.535479211,0.761582304,34.397038,-117.315198,1,0,0
636000,189992,0.069562044,41552,0.388165181,0.761582304,33.690569,-118.00933,1,0,0
636294,26324,0.09655511,20374,0.540285819,0.625735053,32.565354,-117.114567,1,0,0
636448,76036,0.107259416,21333,0.512862425,0.529503963,33.729928,-116.235996,1,0,0
636546,109673,0.095924279,19508,0.659953394,0.6695526,33.956068,-118.344274,1,0,0
636770,212375,0.054875487,41898,0.583357688,0.6695526,33.678399,-117.771254,1,0,0
636980,4651,0.071869489,24717,0.219681385,0.6695526,38.348454,-120.772366,1,0,0
639248,62979,0.071954043,50661,0.337406726,0.6695526,33.529047,-117.701175,1,0,0
639496,77264,0.055790267,38844,0.467207975,0.6695526,33.667243,-117.668574,1,0,0
640256,15568,0.038342527,33509,0.618400996,0.634181599,33.850504,-118.039892,1,0,0
641124,25320,0.069829979,21965,0.640162514,0.482901544,32.733076,-117.034406,1,0,0
641992,80968,0.06822621,41072,0.415617889,0.482901544,37.686823,-121.762621,1,0,0
642006,13058,0.175490366,13947,0.654782012,0.482901544,37.387565,-120.725084,1,0,0
642202,62134,0.095078379,23748,0.472655121,0.482901544,38.12161,-121.290765,1,0,0
642468,20256,0.045736289,29536,0.585884486,0.482901544,33.793312,-118.317447,1,0,0
643000,462257,0.100729781,25929,0.683946916,0.482901544,33.809102,-118.155327,1,0,0
643280,28976,0.060865468,75294,0.442668182,0.482901544,37.368524,-122.096649,1,0,0
644574,69772,0.105150365,12674,0.596672128,0.482901544,33.923962,-118.201647,1,0,0
645246,12645,0.068473146,87648,0.160623668,0.482901544,34.036697,-118.781449,1,0,0
645400,35135,0.046108874,80390,0.275075594,0.482901544,33.889632,-118.39737,1,0,0
646114,35824,0.074493019,37577,0.387458986,0.482901544,37.999635,-122.113903,1,0,0
646842,77519,0.119764855,23984,0.452887707,0.482901544,33.689858,-117.184383,1,0,0
646870,32026,0.060323309,67213,0.47428521,0.482901544,37.479736,-122.148097,1,0,0
647766,66790,0.072964462,31502,0.545888239,0.482901544,37.436611,-121.891322,1,0,0
648354,201165,0.126589639,23383,0.521436067,0.39602818,37.660909,-120.989052,1,0,0
648648,36590,0.059613688,31582,0.578686487,0.497240732,34.164021,-117.984622,1,0,0
648956,3341,0.054909561,81689,0.32645944,0.497240732,37.240376,-121.988142,1,0,0
649187,16016,0.054126474,53237,0.391940415,0.497240732,37.845693,-122.123217,1,0,0
649670,74066,0.0606187,49403,0.593772218,0.497240732,37.399364,-122.079517,1,0,0
650076,103466,0.094524496,28876,0.480551076,0.497240732,33.571887,-117.190662,0,1,0
650258,76915,0.076773493,30108,0.391431647,0.497240732,38.297872,-122.300741,1,0,0
650398,58582,0.103966758,16277,0.677374883,0.497240732,32.665862,-117.097361,1,0,0
652526,105549,0.098103826,19302,0.631968225,0.497240732,33.906929,-118.083446,1,0,0
652582,51904,0.058144729,41573,0.397774326,0.497240732,38.084925,-122.54873,1,0,0
653000,390724,0.10147805,30671,0.734781146,0.582169916,37.769857,-122.22564,0,1,0
653070,35432,0.10721573,27069,0.536778683,0.582169916,37.993936,-121.691139,1,0,0
654232,17643,0.029240476,77618,0.305436469,0.582169916,37.882764,-122.174543,1,0,0
654652,197899,0.082474117,20613,0.603068542,0.52292131,34.202346,-119.204603,1,0,0
654806,37234,0.064837333,40567,0.523387325,0.52292131,34.202346,-119.204603,1,0,0
654848,15041,0.059627801,41598,0.276309515,0.52292131,36.622408,-121.925877,1,0,0
655282,64403,0.052115209,70242,0.508436903,0.52292131,37.399782,-122.142776,1,0,0
655380,13438,0.026890453,91413,0.375171805,0.52292131,33.786519,-118.394911,1,0,0
656000,137122,0.080135272,38650,0.621970593,0.52292131,34.160592,-118.139593,1,0,0
656112,20413,0.119976077,19364,0.613218419,0.52292131,36.379518,-119.295602,1,0,0
656784,57941,0.067617121,34159,0.334952808,0.52292131,38.242618,-122.628434,1,0,0
657456,63264,0.089494423,22200,0.727317711,0.52292131,38.019899,-121.903606,1,0,0
658072,149058,0.106787111,16682,0.635473996,0.52292131,34.058595,-117.761265,1,0,0
658240,54165,0.125162239,16322,0.540435709,0.544412707,36.063255,-119.033522,1,0,0
658380,4353,0.070528967,118091,0.168355471,0.544412707,39.820799,-120.474293,0,1,0
659451,165269,0.085301012,32285,0.565684627,0.544412707,34.123315,-117.564207,1,0,0
659514,41643,0.046504047,57181,0.529603241,0.544412707,33.753146,-118.367459,1,0,0
659962,68747,0.08345007,31488,0.485768025,0.544412707,34.051642,-117.170862,1,0,0
660018,66748,0.04863373,50291,0.417577975,0.544412707,33.856817,-118.377137,1,0,0
660620,103701,0.123458687,24847,0.736120549,0.544412707,37.952974,-122.359353,1,0,0
662000,303871,0.105678115,22665,0.594055388,0.544412707,33.938143,-117.393168,1,0,0
662364,56974,0.067531743,34201,0.306284883,0.544412707,38.808041,-121.250365,1,0,0
662896,53764,0.082787278,17749,0.557962522,0.544412707,34.06888,-118.08268,1,0,0
664000,466488,0.113940723,25427,0.69891506,0.544412707,38.566592,-121.468632,1,0,0
664224,150441,0.112870483,18474,0.588505517,0.544412707,36.690182,-121.633714,1,0,0
665000,209924,0.13035235,15616,0.654489007,0.842855222,34.139261,-117.295317,0,1,0
665028,41114,0.067092515,33496,0.636304578,0.548921777,37.625415,-122.431385,1,0,0
665084,63522,0.061865995,45864,0.251409481,0.548921777,33.449144,-117.613119,1,0,0
667000,805235,0.071410819,45478,0.635074519,0.492315584,37.727239,-123.032229,0,1,0
667112,44199,0.168956205,18154,0.57086057,0.492315584,33.795122,-116.991957,1,0,0
668000,945942,0.086540761,33233,0.667817651,0.492315584,37.296867,-121.819306,1,0,0
668028,34593,0.057610896,41632,0.370252608,0.738971859,33.500581,-117.654433,1,0,0
668084,84950,0.093327931,27831,0.715146354,0.738971859,37.704625,-122.161607,1,0,0
668154,45119,0.085314126,26204,0.27620666,0.738971859,35.26848,-120.669756,1,0,0
668196,83781,0.079096963,26091,0.529068164,0.738971859,33.133893,-117.169367,1,0,0
668294,29139,0.127119852,17286,0.720156742,0.738971859,37.962725,-122.342455,1,0,0
668364,57713,0.06039551,41968,0.457769237,0.738971859,37.981003,-122.50693,1,0,0
669000,324528,0.092564379,16613,0.611030985,0.738971859,33.736478,-117.882593,1,0,0
670042,29321,0.130096232,19552,0.486798429,0.738971859,34.352456,-119.068684,1,0,0
670098,167815,0.092048983,29794,0.454858335,0.738971859,38.446816,-122.706136,1,0,0
670742,33025,0.083796878,21961,0.65086406,0.591200913,36.625114,-121.823565,1,0,0
670770,7379,0.053982726,32368,0.214797633,0.714070926,38.399986,-122.827716,1,0,0
670882,23219,0.100710324,15416,0.555452991,0.714070926,36.574314,-119.615584,1,0,0
671806,10917,0.070202278,51429,0.312783419,0.714070926,34.168771,-118.050216,1,0,0
671876,11016,0.114868982,36509,0.708991038,0.714070926,33.803448,-118.168135,1,0,0
672016,124237,0.055783624,35159,0.405833864,0.714070926,34.266887,-118.748458,1,0,0
672506,12867,0.076068376,54097,0.253874746,0.714070926,32.991497,-117.258042,1,0,0
672520,25738,0.128391608,10118,0.624301559,0.714070926,36.437023,-121.31454,1,0,0
672646,10648,0.064952131,39730,0.237295544,0.714070926,38.290337,-122.459838,1,0,0
673220,25619,0.060914761,48108,0.594430264,0.714070926,34.108957,-118.156615,1,0,0
673262,63632,0.057882756,31163,0.66813343,0.747750032,37.655104,-122.376234,1,0,0
677000,140081,0.065903522,43828,0.626263328,0.625541399,37.385784,-122.026323,1,0,0
678666,8962,0.056296692,96490,0.217257013,0.625541399,37.887166,-122.458291,1,0,0
680238,82922,0.110461175,26956,0.636641653,0.702393099,37.724597,-121.445538,1,0,0
680644,59278,0.097889848,17734,0.523871742,0.702393099,36.197436,-119.337407,1,0,0
680854,75540,0.078577377,32949,0.623087615,0.702393099,33.73085,-117.810735,1,0,0
680994,25048,0.139397353,20693,0.459026108,0.702393099,34.148313,-116.065526,1,0,0
681344,73732,0.099753086,29694,0.525424262,0.702393099,34.117446,-117.659918,1,0,0
681666,115942,0.120119565,26575,0.741862281,0.48727175,38.107911,-122.26388,1,0,0
682954,124442,0.084441477,23458,0.510766973,0.48727175,36.327154,-119.323409,1,0,0
682996,93834,0.088416128,21645,0.520313045,0.48727175,33.189542,-117.238607,1,0,0
683332,29172,0.047513292,33596,0.527704895,0.418290039,34.037195,-117.855606,1,0,0
683346,64173,0.05188386,51307,0.360066402,0.418290039,37.902666,-122.040479,1,0,0
683668,51199,0.110372064,16227,0.547245459,0.418290039,36.919608,-121.77025,1,0,0
684200,106098,0.087723511,25303,0.680765041,0.418290039,34.055941,-117.909937,1,0,0
685922,26801,0.058912933,29349,0.413304629,0.537734431,38.542099,-122.808613,1,0,0
686328,55468,0.08871113,25616,0.52269976,0.537734431,38.671167,-121.750033,1,0,0
686832,64234,0.045036219,49400,0.405270792,0.537734431,33.886956,-117.77259,1,0,0
687056,20700,0.077874818,23594,0.291943733,0.660543695,34.123089,-116.421481,1,0,0
803455,106433,0.07319985,31159,0.188478511,0.534852784,39.80974,-105.10662,1,0,0
804000,325078,0.077339263,23862,0.570058049,0.534852784,39.688002,-104.68974,1,0,0
807850,97385,0.070343194,35830,0.219710985,0.533317383,40.027443,-105.25174,1,0,0
808675,33352,0.060791047,23771,0.366453048,0.533317383,39.968504,-104.795108,1,0,0
812415,48231,0.061016667,34089,0.172717369,0.70013133,39.376073,-104.853442,1,0,0
816000,416427,0.076134388,28402,0.36205847,0.70013133,38.867255,-104.760749,1,0,0
816495,45913,0.069624954,22112,0.463585495,0.26682709,39.883473,-104.791893,1,0,0
819850,8915,0.069544924,19424,0.299194442,0.364844077,38.760011,-108.077844,1,0,0
822035,16887,0.061059249,28925,0.266336751,0.361987296,37.275673,-107.867577,1,0,0
827700,7377,0.061923584,18917,0.418603344,0.361987296,40.084972,-104.794416,0,1,0
827865,25846,0.05420543,21712,0.454689832,0.500488173,38.705634,-104.704499,1,0,0
831660,58566,0.054258825,27500,0.20640352,0.514565442,39.086366,-108.568747,1,0,0
833035,13925,0.039988853,79757,0.223920807,0.494930586,39.615934,-104.911688,1,0,0
845970,86270,0.069769,28290,0.291381366,0.30335832,40.169853,-105.101841,1,0,0
846465,66859,0.071410046,27991,0.159506814,0.2814593,40.41708,-105.061855,1,0,0
851745,19132,0.082929642,22200,0.242774283,0.695116603,38.469058,-107.860649,1,0,0
852550,1320,0.056451613,43188,0.185610652,0.286317758,37.932377,-107.857854,0,1,0
886090,7200,0.058485925,29987,0.1080549,0.383415013,38.999063,-105.059302,1,0,0
956200,40493,0.08128728,26702,0.487219091,0.543752235,41.54786,-72.089488,1,0,0
1021200,36047,0.084869947,22697,0.584365483,0.48211945,39.160606,-75.521659,1,0,0
1201700,41542,0.063507109,27379,0.52992482,0.584260946,28.703753,-81.530973,0,1,0
1202681,35762,0.068584212,47462,0.178734075,0.262679852,25.96013,-80.133109,1,0,0
1205075,3869,0.125569291,57740,0.077503743,0.405471141,27.935974,-82.812777,1,0,0
1206600,3055,0.070164735,30075,0.439435874,0.405471141,25.881786,-80.181209,0,0,1
1207525,43914,0.083493863,41037,0.203652537,0.668541254,26.357498,-81.786929,1,0,0
1210275,154305,0.103762003,25090,0.217518034,0.668541254,26.643119,-81.997331,1,0,0
1211050,26241,0.083338742,24184,0.344427665,0.668541254,28.661183,-81.321926,1,0,0
1217100,60522,0.107366819,36571,0.487597849,0.668541254,26.456842,-80.090478,1,0,0
1217200,85182,0.081040009,21019,0.388198706,0.668541254,28.905121,-81.210978,1,0,0
1224000,165521,0.091422159,35828,0.509476511,0.668541254,26.141305,-80.143896,1,0,0
1224300,41590,0.149979031,16961,0.6122017,0.668541254,27.430257,-80.335924,1,0,0
1224475,19507,0.087434803,26762,0.375831631,0.668541254,30.424738,-86.620332,1,0,0
1225175,124354,0.07682891,18909,0.518620019,0.384341479,29.678831,-82.345878,1,0,0
1227575,843,0.093582888,13998,0.429491915,0.420861286,30.46683,-83.635253,1,0,0
1228452,37113,0.107576104,24770,0.418418,0.205747609,25.983324,-80.140389,1,0,0
1232000,140768,0.095306328,27315,0.437302873,0.521803306,26.031105,-80.164574,1,0,0
1232275,60512,0.090393329,16663,0.498959419,0.521803306,25.467346,-80.445773,1,0,0
1238250,97422,0.104122277,24293,0.450530612,0.521803306,28.055964,-81.953682,1,0,0
1239375,10423,0.099964171,25515,0.467157127,0.327314776,26.58336,-80.05538,1,0,0
1241825,18493,0.030435735,27823,0.296296965,0.38920564,30.236675,-85.639139,1,0,0
1243125,53284,0.093582797,24238,0.541491345,0.38920564,26.248037,-80.211169,1,0,0
1243175,6102,0.073170732,13273,0.537996687,0.38920564,30.780419,-85.242661,1,0,0
1243425,5101,0.092048193,13593,0.556534825,0.39826308,28.61798,-81.901674,1,0,0
1243975,76068,0.102316753,24274,0.330635067,0.39826308,28.116326,-80.645713,1,0,0
1245060,107167,0.129860616,16533,0.382112205,0.446876749,25.948877,-80.243582,1,0,0
1245975,122041,0.097385758,24582,0.614459042,0.384618955,25.976953,-80.335829,1,0,0
1249450,58786,0.111155312,17264,0.542236507,0.626602461,25.901064,-80.168458,1,0,0
1249475,41523,0.110534256,20189,0.599487229,0.626602461,25.929996,-80.165179,1,0,0
1249600,12015,0.048441789,49026,0.127245922,0.626602461,26.820298,-80.056905,1,0,0
1249675,57357,0.118064992,22958,0.225991365,0.626602461,27.058166,-82.198044,1,0,0
1250575,41363,0.111295181,25274,0.532718029,0.626602461,26.177865,-80.15266,1,0,0
1250750,56315,0.108417719,22845,0.452504058,0.626602461,29.180314,-82.148787,1,0,0
1251075,35579,0.065386799,25994,0.511020912,0.626602461,28.578576,-81.534116,1,0,0
1253150,38137,0.047774345,33472,0.148151675,0.626602461,29.294626,-81.094968,1,0,0
1254000,103190,0.110297447,20936,0.430890523,0.24142311,27.985624,-80.662621,1,0,0
1254025,8348,0.015805705,130891,0.050389255,0.595354591,26.685819,-80.037211,1,0,0
1254075,48452,0.051489168,56337,0.198750061,0.595354591,26.848788,-80.167124,1,0,0
1254200,75180,0.083945816,23044,0.342758345,0.573869917,29.54056,-81.251062,1,0,0
1254275,23410,0.059489847,39701,0.270694536,0.573869917,25.621703,-80.318906,0,1,0
1255925,51923,0.097516234,29341,0.480205629,0.573869917,30.441266,-87.189943,1,0,0
1257550,34721,0.074464932,21962,0.475915213,0.573869917,28.014359,-82.120282,1,0,0
1258050,99845,0.110878994,25728,0.519596857,0.573869917,26.242623,-80.128996,1,0,0
1258715,164603,0.114741789,22793,0.416107533,0.498507156,27.280951,-80.383762,1,0,0
1263650,53570,0.098414005,20588,0.569817432,0.436977957,28.789425,-81.275624,1,0,0
1264175,51917,0.088306532,31916,0.402361124,0.505125696,27.338256,-82.545766,1,0,0
1269555,20832,0.046770134,42498,0.175031981,0.505125696,25.938922,-80.123579,1,0,0
1270675,60427,0.093877278,25315,0.48953445,0.442855688,26.203932,-80.255305,1,0,0
1271000,335709,0.099499063,28362,0.529459039,0.442855688,27.970086,-82.479673,0,1,0
1271225,13951,0.1068,24397,0.276895119,0.466623223,28.796584,-81.739518,1,0,0
1271400,24541,0.091592951,27208,0.491690122,0.466623223,28.045199,-82.377866,1,0,0
1272350,1999,0.106332139,14462,0.412947344,0.453719227,29.609404,-82.814686,1,0,0
1273025,3456,0.027089783,26040,0.160153571,0.453719227,28.927012,-81.664188,1,0,0
1301052,77434,0.139558407,17416,0.422866176,0.38205689,31.577669,-84.179453,1,0,0
1301696,57551,0.047384278,44489,0.476614308,0.334176352,34.070648,-84.275907,1,0,0
1304644,2960,0.13776435,38195,0.323903625,0.555032432,33.768731,-84.264735,1,0,0
1324768,46267,0.053039728,45484,0.480755409,0.555032432,33.941387,-84.312701,1,0,0
1325720,33712,0.136684492,21266,0.410282321,0.456642772,33.66946,-84.47036,1,0,0
1328380,12950,0.124473209,23710,0.464772105,0.270799542,33.550538,-84.58603,1,0,0
1331908,33804,0.062100514,19554,0.611221169,0.788226132,34.289658,-83.829893,1,0,0
1332048,8778,0.080697674,16380,0.604989295,0.788226132,32.087221,-81.176614,0,1,0
1342425,76728,0.06139061,45033,0.532755236,0.688659791,34.032739,-84.203848,0,1,0
1349756,56579,0.072568458,26710,0.607267435,0.665710647,33.953561,-84.542463,1,0,0
1355020,33039,0.080189959,24882,0.554453205,0.665710647,33.379147,-84.771315,1,0,0
1355776,9116,0.067944837,30603,0.710784923,0.665710647,33.940136,-84.210556,0,1,0
1367984,17121,0.094975912,23205,0.411576356,0.665710647,30.754165,-81.572684,0,1,0
1368516,93853,0.044241534,52561,0.525172988,0.665710647,33.931502,-84.368673,1,0,0
1369000,136286,0.080414773,19836,0.544403908,0.476310285,32.002512,-81.153557,1,0,0
1373256,28422,0.112351544,12261,0.54183051,0.476310285,32.441243,-81.774515,1,0,0
1374936,15355,0.079383137,34675,0.49968357,0.220354019,34.048632,-84.066444,0,1,0
1641320,10890,0.040675032,14681,0.350809354,0.225581486,42.718576,-114.515797,0,1,0
1670660,5554,0.120381406,15283,0.385884216,0.184592293,42.618947,-113.673956,0,1,0
1682810,44125,0.053510274,19276,0.209119742,0.238302722,42.562815,-114.463988,1,0,0
1706613,76610,0.061023994,31046,0.381992023,0.534127987,40.475777,-88.969912,1,0,0
1709447,41496,0.04590708,43385,0.336157225,0.743363927,42.165981,-87.961826,1,0,0
1711007,14704,0.086530336,18396,0.249038147,0.743363927,40.562592,-90.040518,0,1,0
1711358,37691,0.090899398,20882,0.537879432,0.743363927,42.123571,-88.293293,1,0,0
1712164,13032,0.109257442,19478,0.259752862,0.743363927,38.522073,-89.123541,1,0,0
1717887,40743,0.077111161,30151,0.182289912,0.743363927,42.232554,-88.335331,1,0,0
1718823,76122,0.092987377,22229,0.431488177,0.743363927,39.855983,-88.933746,1,0,0
1719161,43862,0.114969198,18840,0.414579147,0.743363927,41.930614,-88.74783,1,0,0
1719642,58364,0.063654702,29220,0.380779592,0.743363927,42.035118,-87.901072,1,0,0
1720591,47833,0.05533084,42022,0.211180256,0.743363927,41.795027,-88.021231,1,0,0
1722931,5602,0.125086866,30598,0.131140495,0.743363927,41.871558,-88.453612,0,1,0
1723074,108188,0.081382308,23407,0.516890491,0.743363927,42.039639,-88.321709,1,0,0
1723620,44121,0.054332811,41789,0.195251373,0.743363927,41.896018,-87.943658,1,0,0
1724582,74486,0.06807744,42925,0.52379989,0.743363927,42.046391,-87.694352,1,0,0
1725141,17078,0.07698221,28567,0.481870552,0.743363927,38.595079,-90.005138,0,1,0
1727806,4354,0.056552962,31515,0.043896509,0.743363927,38.440263,-89.916522,1,0,0
1728326,32195,0.107931258,18799,0.324598668,0.743363927,40.950217,-90.376564,1,0,0
1729756,27450,0.060153677,49850,0.241177427,0.492744763,41.866715,-88.062711,1,0,0
1729938,44692,0.044381758,53246,0.290384564,0.515257018,42.084886,-87.826848,1,0,0
1732746,37973,0.091694257,21152,0.596587358,0.515257018,41.981444,-88.14252,1,0,0
1733630,7663,0.07523511,62763,0.195706181,0.515257018,42.244067,-88.065695,0,1,0
1734722,29763,0.048337779,66185,0.168204125,0.515257018,42.182628,-87.809644,1,0,0
1734865,5405,0.073964497,31518,0.445358214,0.465283502,42.206031,-87.812928,0,1,0
1735879,19323,0.107478392,31742,0.526932092,0.395977169,41.559422,-87.662025,1,0,0
1738570,147433,0.097950322,22572,0.498309278,0.433505597,41.518066,-88.158354,1,0,0
1739727,12916,0.107371532,18568,0.234723047,0.508708433,41.239087,-89.92566,1,0,0
1743250,20315,0.062434166,49216,0.18403312,0.508708433,42.286115,-87.964209,1,0,0
1744407,43165,0.075387674,33502,0.334176132,0.508708433,41.873844,-88.015491,1,0,0
1746357,7051,0.014983352,29863,0.099990705,0.508708433,41.420153,-87.98072,1,0,0
1749607,10924,0.0599631,30009,0.201544096,0.515576447,41.451002,-88.279504,0,1,0
1749867,43483,0.063796328,27166,0.299027352,0.549261268,41.482387,-90.493492,1,0,0
1750010,9444,0.07462039,17263,0.253966268,0.549261268,40.914462,-90.641409,0,1,0
1750218,18438,0.066958995,25371,0.408413171,0.549261268,41.72104,-88.358498,0,1,0
1753000,29803,0.075095785,27236,0.387210078,0.549261268,42.027864,-87.809956,1,0,0
1754885,51878,0.060142265,45150,0.489288153,0.549261268,41.887166,-87.789942,1,0,0
1756640,56767,0.069641484,36921,0.181794546,0.437855856,41.60801,-87.86098,1,0,0
1757225,68557,0.058037339,36214,0.387368284,0.443932476,42.118014,-88.042796,1,0,0
1757875,37480,0.052406305,44868,0.125312031,0.423763473,42.011762,-87.843434,1,0,0
1759000,115007,0.084702331,28384,0.532824796,0.325386614,40.752309,-89.617097,1,0,0
1760287,39581,0.061351381,33092,0.32082705,0.325386614,41.630502,-88.245024,1,0,0
1762016,16256,0.072458944,29691,0.405383784,0.498810093,42.103185,-87.924838,1,0,0
1763706,13646,0.1313908,25326,0.303423145,0.55348535,41.480679,-87.735561,1,0,0
1767236,7485,0.08436868,19235,0.079558556,0.533539646,38.627727,-88.957592,1,0,0
1767860,7280,0.038872404,30428,0.378973101,0.533539646,40.060246,-88.254993,0,1,0
1770122,64784,0.085090005,31063,0.56161186,0.360751803,42.035971,-87.739991,1,0,0
1775484,56703,0.067313403,32328,0.207977236,0.450766298,41.568091,-87.803433,0,1,0
1777694,25113,0.0602698,40411,0.447628717,0.512428885,38.801401,-89.089586,1,0,0
1779033,15134,0.053027019,28361,0.065466363,0.512428885,40.701688,-89.436759,0,1,0
1781087,37648,0.065427886,26698,0.505258593,0.512428885,42.130788,-87.923917,1,0,0
1808416,21285,0.034820066,29128,0.126730442,0.264919945,39.839593,-86.392797,1,0,0
1816336,5169,0.09100346,22610,0.376915883,0.30794586,39.786364,-85.950059,0,1,0
1860246,27631,0.056772986,25179,0.264764991,0.30794586,39.701469,-86.372936,0,1,0
1901630,14541,0.034010946,28885,0.094820968,0.422672594,41.646863,-93.476842,0,1,0
1909550,25663,0.090412909,21986,0.21606457,0.506527013,40.806446,-91.125339,1,0,0
1912000,126326,0.05195585,27167,0.220810996,0.51240882,41.967048,-91.67776,1,0,0
1919000,99685,0.066476807,23565,0.333780933,0.461393083,41.554104,-90.603997,1,0,0
1921000,203433,0.07347114,24096,0.396455341,0.659658084,41.573946,-93.616708,1,0,0
1922395,57637,0.061227681,23527,0.156168237,0.451674729,42.502385,-90.705102,1,0,0
1928515,25206,0.076807681,21464,0.190173921,0.541134317,42.509607,-94.175667,0,1,0
1938280,14782,0.035157666,25421,0.061186351,0.541134317,41.362378,-93.565893,1,0,0
1938595,67862,0.050555115,24853,0.308721595,0.366068485,41.656041,-91.531272,1,0,0
1949485,34768,0.053210416,29085,0.120225189,0.481806888,42.044596,-91.58616,1,0,0
1949755,27552,0.077453459,21430,0.268518565,0.500291527,42.0343,-92.906266,1,0,0
1953625,3796,0.02262017,22822,0.027136462,0.500291527,42.230924,-91.183915,0,1,0
1955110,22886,0.083045267,23690,0.221635555,0.539330352,41.420129,-91.06984,1,0,0
1958620,6415,0.028447965,20534,0.075811454,0.539330352,42.671525,-91.91276,1,0,0
1962040,10352,0.048248626,26399,0.095956116,0.539330352,41.40452,-92.917996,0,1,0
1971625,4227,0.032372506,26920,0.131899268,0.539330352,42.399513,-96.355046,0,1,0
1973335,82684,0.065566212,21147,0.335784654,0.515096436,42.495252,-96.391462,1,0,0
1979950,39463,0.02748424,38078,0.167481583,0.43137649,41.636688,-93.779792,1,0,0
1982695,13790,0.020262391,34703,0.117768548,0.441554055,41.601839,-93.868825,1,0,0
1983910,56609,0.04042216,37522,0.21469454,0.433088162,41.553269,-93.759758,1,0,0
1984315,3736,0.131707317,16502,0.423909648,0.433088162,41.57245,-91.262639,1,0,0
2000125,6844,0.05674211,21820,0.098315264,0.307360171,38.923902,-97.224139,1,0,0
2018250,27340,0.040125065,18350,0.424237198,0.200604098,37.76067,-100.017863,1,0,0
2021275,24916,0.095764404,16733,0.351728158,0.402939224,38.402089,-96.191492,1,0,0
2032550,2706,0.035430224,23287,0.097993619,0.223580905,38.51794,-98.777622,1,0,0
2033625,42080,0.053432483,21050,0.221924874,0.615354562,38.068123,-97.911944,1,0,0
2034300,5704,0.053198653,18241,0.162666722,0.294685205,37.927427,-95.400669,1,0,0
2035750,23353,0.061613959,20245,0.566935996,0.3937345,39.027343,-96.852643,1,0,0
2038900,87643,0.074657467,23666,0.319079583,0.425234763,38.960323,-95.263223,1,0,0
2049650,2486,0.143536122,18140,0.090261862,0.425234763,37.424177,-95.684586,1,0,0
2051825,2045,0.024911032,21756,0.066801131,0.363697882,39.12585,-100.854269,1,0,0
2052575,125872,0.047283225,30966,0.300463156,0.127863479,38.884279,-94.818848,1,0,0
2053775,173372,0.049295197,39319,0.279844115,0.404368294,38.889042,-94.690584,1,0,0
2056025,20233,0.086029992,17540,0.235714603,0.306728967,37.414551,-94.698,1,0,0
2062700,47707,0.053092205,23253,0.250083079,0.215094757,38.814003,-97.614463,1,0,0
2068200,2328,0.102425876,17311,0.131847758,0.306903136,38.209293,-98.206463,1,0,0
2070800,4996,0.057220708,24276,0.092518611,0.381181514,39.108346,-95.08316,1,0,0
2071000,127473,0.082338047,23524,0.396387315,0.466596971,39.03617,-95.694826,1,0,0
2079000,382368,0.084261126,24715,0.455752223,0.192741741,37.690694,-97.342678,1,0,0
2108902,58067,0.105357499,19302,0.401033706,0.471673571,36.970919,-86.438462,1,0,0
2128900,25527,0.099386032,22916,0.376410556,0.366461098,38.192651,-84.86637,1,0,0
2302060,23055,0.078930308,24611,0.120605293,0.48110682,44.084537,-70.249649,1,0,0
2441250,17557,0.058934465,27017,0.693447929,0.889323198,38.960468,-76.952295,0,1,0
2503690,45193,0.062797801,35265,0.198167546,0.536557914,41.662727,-70.357208,1,0,0
2600980,8616,0.223313861,16854,0.503738429,0.359483192,42.247854,-84.75912,1,0,0
2603000,113934,0.065982141,30498,0.438298518,0.435540892,42.275641,-83.731333,1,0,0
2604105,21412,0.076866102,25788,0.514692466,0.455948188,42.67472,-83.243606,1,0,0
2606900,5757,0.147479308,16899,0.092348595,0.455948188,43.096485,-85.233029,1,0,0
2607020,3991,0.155164428,32617,0.329274694,0.579509328,42.201917,-83.48281,1,0,0
2607660,14970,0.061541955,33865,0.128841107,0.30635695,42.498602,-83.185342,1,0,0
2608160,10267,0.047073024,53776,0.199707566,0.617659621,42.522543,-83.24034,1,0,0
2608300,10601,0.197371123,12360,0.220293962,0.369357953,43.699021,-85.479726,1,0,0
2608640,20103,0.038984163,69151,0.146029533,0.417666114,42.544805,-83.216576,1,0,0
2614200,3509,0.128318584,17741,0.109658013,0.546119,43.219408,-85.553023,1,0,0
2619880,5173,0.16437247,23132,0.099136362,0.546119,43.031749,-83.518751,1,0,0
2621040,1819,0.110336818,16255,0.224670806,0.452670683,42.10767,-85.975022,1,0,0
2624120,48579,0.062657294,16765,0.368364086,0.452670683,42.748913,-84.482442,1,0,0
2624290,32442,0.170529328,21086,0.480696189,0.452670683,42.46608,-82.946341,1,0,0
2627880,19900,0.100621601,28860,0.271856625,0.42575568,42.459237,-83.131343,1,0,0
2630060,2886,0.048295455,24213,0.062273292,0.351620812,42.659385,-84.074979,1,0,0
2630340,3150,0.038403614,74776,0.249816478,0.467636346,42.518774,-83.303035,0,1,0
2630420,14480,0.104132647,28849,0.151706593,0.467636346,42.537633,-82.946742,1,0,0
2634360,894,0.142011834,17802,0.11646122,0.467636346,43.334572,-85.806141,1,0,0
2635540,11555,0.078372015,45243,0.26597513,0.391871647,42.373949,-82.923438,1,0,0
2635580,16135,0.065452869,40615,0.162454999,0.392877228,42.43926,-82.898989,1,0,0
2636280,22423,0.176692645,11161,0.626774184,0.372683187,42.395387,-83.055951,1,0,0
2637420,16422,0.18792834,17242,0.30182734,0.372683187,42.461924,-83.097689,1,0,0
2638700,6086,0.138634348,23865,0.096178296,0.530575174,42.798799,-83.622967,1,0,0
2641420,33534,0.1664164,16697,0.443201243,0.530575174,42.243454,-84.402254,1,0,0
2641920,2258,0.111656442,17672,0.090134399,0.530575174,41.978016,-84.667323,0,1,0
2642160,74262,0.156258716,18375,0.480694787,0.340375467,42.275163,-85.588501,1,0,0
2645240,1007,0.20292887,16158,0.071606007,0.525898172,43.440592,-85.271314,0,1,0
2646320,4075,0.117722057,40167,0.504717408,0.525898172,42.492108,-83.227356,1,0,0
2647800,38144,0.133406413,19343,0.279652396,0.525898172,42.243291,-83.181258,0,1,0
2652380,1997,0.114035088,28291,0.11698118,0.525898172,42.218817,-85.790094,1,0,0
2653780,41863,0.074427293,30574,0.151787671,0.525898172,43.624796,-84.231984,1,0,0
2655100,2361,0.148330059,21333,0.078300837,0.525898172,43.413308,-86.364269,1,0,0
2656320,38401,0.263197682,13564,0.550493893,0.525898172,43.228218,-86.255415,1,0,0
2659440,55224,0.061873194,42447,0.434507568,0.525898172,42.478494,-83.486825,1,0,0
2659920,29319,0.152816251,23242,0.528783554,0.525898172,42.464993,-83.18233,1,0,0
2661220,1442,0.118852459,24753,0.087426732,0.525898172,42.848149,-83.43801,1,0,0
2661620,3956,0.114636643,18323,0.091630918,0.525898172,42.456605,-85.697491,1,0,0
2665440,59515,0.203644467,15957,0.598766784,0.525898172,42.649228,-83.287363,0,1,0
2665560,46292,0.097488747,29256,0.239796924,0.525898172,42.199765,-85.590792,1,0,0
2665820,30184,0.167433605,18688,0.283512901,0.525898172,42.993766,-82.433743,1,0,0
2669520,3831,0.088587806,20453,0.254375259,0.386439582,43.198147,-86.273346,1,0,0
2670960,8365,0.079470199,35046,0.218734123,0.447267986,42.099127,-86.489056,1,0,0
2675420,4140,0.1008916,17715,0.104919601,0.447267986,43.157756,-85.70921,0,1,0
2675700,5260,0.132292828,16263,0.395357675,0.677231194,42.324021,-85.237789,1,0,0
2676220,1417,0.212624585,16798,0.118762541,0.699082465,43.293152,-85.079576,1,0,0
2676460,129699,0.105650132,26475,0.26713835,0.699082465,42.581206,-83.030316,1,0,0
2679120,8521,0.097166888,26050,0.077317117,0.699082465,42.006114,-83.944443,1,0,0
2680700,80980,0.072631408,41209,0.4123126,0.699082465,42.583883,-83.145533,1,0,0
2688940,72125,0.111175332,20583,0.400711481,0.699082465,42.892661,-85.708713,1,0,0
2701900,49084,0.054436676,35814,0.289757607,0.440837034,44.745302,-93.199328,1,0,0
2705068,13431,0.092345607,18599,0.32315793,0.440837034,47.481099,-94.881996,1,0,0
2705212,3240,0.033939394,22118,0.054477404,0.440837034,45.314855,-95.607117,1,0,0
2706382,57186,0.058002281,31012,0.285071712,0.440837034,45.170497,-93.206071,1,0,0
2706616,82893,0.06158198,34400,0.351111561,0.469416563,44.829666,-93.315217,1,0,0
2707966,75781,0.078067006,25623,0.638108308,0.479729322,45.110906,-93.349088,1,0,0
2710918,22952,0.038719045,44080,0.141822274,0.389165095,44.854285,-93.562384,1,0,0
2712700,19496,0.086939222,24865,0.482563035,0.490515392,45.049104,-93.246749,1,0,0
2717288,64206,0.052219718,38714,0.323934728,0.490515392,44.8155,-93.1624,1,0,0
2718116,60797,0.045334178,49241,0.319210278,0.490515392,44.847921,-93.458601,1,0,0
2720420,5321,0.077751599,30786,0.432715935,0.490515392,44.988048,-93.174718,0,1,0
2720546,23352,0.08247794,20832,0.30643751,0.490515392,44.298583,-93.278938,1,0,0
2722814,27208,0.077577805,25699,0.414059136,0.490515392,45.084246,-93.26005,1,0,0
2724074,2564,0.0952,20509,0.055855588,0.627385292,45.661754,-95.384554,1,0,0
2727530,22172,0.07667812,27882,0.113068855,0.627385292,44.73178,-92.854512,0,1,0
2728124,1151,0.064171123,23988,0.060904241,0.627385292,44.742018,-94.713446,0,1,0
2728682,9414,0.048282057,27197,0.13202358,0.627385292,46.806682,-92.241606,1,0,0
2730140,17591,0.080357143,29388,0.47400759,0.627385292,44.925056,-93.404788,1,0,0
2735180,55954,0.044511259,35391,0.198740577,0.627385292,44.680337,-93.244,1,0,0
2735738,2379,0.05744823,25111,0.452417388,0.627385292,44.994407,-93.203134,1,0,0
2739878,39309,0.067756516,20826,0.18789074,0.627385292,44.170573,-93.979516,1,0,0
2741696,11071,0.046074202,48813,0.119154561,0.627385292,44.878933,-93.133929,1,0,0
2743252,49734,0.05062804,47198,0.186113372,0.314570114,44.932582,-93.456549,1,0,0
2744530,12155,0.074501425,26437,0.327317034,0.365139824,45.106737,-93.206834,0,1,0
2747221,11460,0.073744437,28036,0.32995174,0.380900199,45.013628,-93.000666,1,0,0
2749012,2430,0.109181141,26600,0.181524497,0.405273016,45.117753,-93.399457,0,1,0
2749300,25599,0.053971196,24741,0.165015956,0.65699874,44.092578,-93.230241,0,1,0
2751730,70576,0.046495541,46405,0.281523884,0.65699874,45.022045,-93.462576,1,0,0
2752522,4698,0.086752638,21230,0.068870461,0.65699874,45.567657,-93.592041,1,0,0
2753026,23668,0.054944265,30365,0.15488527,0.65699874,45.26268,-93.448389,0,1,0
2755726,21874,0.043951373,33206,0.231679761,0.65699874,44.746108,-93.069765,1,0,0
2755852,33660,0.054164306,33538,0.327477484,0.65699874,45.015422,-93.155011,1,0,0
2758738,26911,0.065824723,34344,0.30606071,0.359270209,44.757299,-93.366971,1,0,0
2759620,1137,0.056925996,21901,0.026105205,0.486761718,43.654807,-94.727273,1,0,0
2759998,25043,0.061181291,41704,0.22901491,0.57433351,45.084644,-93.134281,1,0,0
2765164,1475,0.056603774,81676,0.04803769,0.397289814,44.915537,-93.589409,1,0,0
2768818,3688,0.074134199,56663,0.14323114,0.390323744,44.971339,-93.51366,1,0,0
2771428,61961,0.042401968,40917,0.323941877,0.437507388,44.906283,-92.923703,1,0,0
2771734,12764,0.058521725,18743,0.550233472,0.479520331,43.629119,-95.598858,0,1,0
2903160,30404,0.047630276,37029,0.197558923,0.305524359,38.59503,-90.550006,0,1,0
2908650,4542,0.078947368,19204,0.088580073,0.305524359,39.785329,-93.077967,1,0,0
2919252,6400,0.072304307,17626,0.081694971,0.319805275,38.140996,-90.56083,1,0,0
2921898,9133,0.048908297,33680,0.157293134,0.429627334,38.589478,-90.58832,0,1,0
2931276,25703,0.081483019,24651,0.49420231,0.307955557,38.794845,-90.395834,1,0,0
2937000,43079,0.0443309,25228,0.362027479,0.429528276,38.567461,-92.175254,1,0,0
2937592,50150,0.08789272,21943,0.227209045,0.429528276,37.077509,-94.502262,1,0,0
2941348,91364,0.043166523,33149,0.25074199,0.251018187,38.918958,-94.382768,1,0,0
2942032,29149,0.048882499,29265,0.161564959,0.361478406,39.239312,-94.418892,1,0,0
2945668,18094,0.030615137,34724,0.227864809,0.322673791,38.583169,-90.50644,1,0,0
2947648,11543,0.044239277,19199,0.250544621,0.294845773,39.162169,-91.87277,1,0,0
2953624,7795,0.082651622,21320,0.102962665,0.291252695,39.007033,-94.128441,1,0,0
2954074,79329,0.053264563,29778,0.188507127,0.364142492,38.783504,-90.715351,1,0,0
2960752,19206,0.037737889,29213,0.221310222,0.559412283,38.803303,-94.45832,0,1,0
2966440,21387,0.086282113,18460,0.262676388,0.559412283,38.70397,-93.23463,0,1,0
2975220,35371,0.075102341,34594,0.570342086,0.559412283,38.665659,-90.331498,1,0,0
2975688,3899,0.037117904,9738,0.312281491,0.559412283,39.307965,-91.489341,1,0,0
2977092,18838,0.090571803,18992,0.264813305,0.559412283,38.762118,-93.729967,1,0,0
3006550,104170,0.044123517,26449,0.193587295,0.302483879,45.789518,-108.549891,1,0,0
3008950,37280,0.05659797,26038,0.121789842,0.454579193,45.683155,-111.053784,1,0,0
3040075,19927,0.083728778,21336,0.110873414,0.352271093,48.213846,-114.323523,1,0,0
3116410,3942,0.066472586,20034,0.079164115,0.250608854,40.143525,-97.176502,0,1,0
3125055,30787,0.050987028,22125,0.145564696,0.293166197,40.700414,-99.083699,1,0,0
3246000,15276,0.092880646,26489,0.2861909,0.544230474,36.808342,-114.129148,1,0,0
3251800,216961,0.087172836,21657,0.668972582,0.544230474,36.282974,-115.089262,1,0,0
3365140,29752,0.057772161,26625,0.088879053,0.534484216,43.298493,-70.977005,1,0,0
3421480,27147,0.061825926,41533,0.664059577,0.55172545,40.891197,-73.972515,1,0,0
3459190,49808,0.115672846,23767,0.633117204,0.665061758,40.615444,-74.415775,1,0,0
3501780,30403,0.080575328,21093,0.38559245,0.230835945,32.883601,-105.963686,1,0,0
3532520,34122,0.087640449,19509,0.42771482,0.3232647,32.730276,-103.16049,1,0,0
3563460,87521,0.059535381,26372,0.394860317,0.476383167,35.285096,-106.698869,0,1,0
3603078,27687,0.073753359,20874,0.246520132,0.462166114,42.93371,-76.567342,1,0,0
3604715,15465,0.088813559,20597,0.195614954,0.488608005,42.998558,-78.180806,1,0,0
3612144,10545,0.060300587,27098,0.094293296,0.328417414,42.888999,-77.280321,1,0,0
3656979,23583,0.089493882,27965,0.634176688,0.44327322,41.287396,-73.923597,1,0,0
3659223,28967,0.082536517,26744,0.535561841,0.626606801,41.004701,-73.667175,1,0,0
3659641,32736,0.09649017,23192,0.611706998,0.626606801,41.694595,-73.919869,0,1,0
3701720,11415,0.053925725,22830,0.224717191,0.422645888,35.90454,-79.965611,1,0,0
3702080,25012,0.100713856,18126,0.493261504,0.548049277,35.717337,-79.814309,1,0,0
3702140,83393,0.081117959,25888,0.349847555,0.386926748,35.570977,-82.552738,1,0,0
3705460,1577,0.108938547,14607,0.494240889,0.386926748,35.807216,-77.376146,1,0,0
3709060,49963,0.098204816,22476,0.576151121,0.319525566,36.082561,-79.459748,1,0,0
3710740,135234,0.045428838,41700,0.438663068,0.364322663,35.782122,-78.814079,1,0,0
3711800,57233,0.057635239,33710,0.444268542,0.418845553,35.925942,-79.038271,1,0,0
3712000,731424,0.09245266,30984,0.616151293,0.418845553,35.208707,-80.830739,1,0,0
3714100,79066,0.092031763,26140,0.463708682,0.577685906,35.392048,-80.635543,1,0,0
3719000,228330,0.083826714,26725,0.637392023,0.577685906,35.980964,-78.905647,1,0,0
3720620,4001,0.082907439,18814,0.366077813,0.767284415,36.262768,-80.846535,1,0,0
3722920,200564,0.117386723,22572,0.607744501,0.530074839,35.08511,-78.980263,1,0,0
3725480,25745,0.058789749,28139,0.55232154,0.578196956,35.694611,-78.622749,1,0,0
3731060,40010,0.093830397,26145,0.41292779,0.431480935,35.741466,-81.32377,1,0,0
3731400,104371,0.105864017,22567,0.595334125,0.614725109,35.98547,-79.990243,1,0,0
3733120,46773,0.064561488,36474,0.302506533,0.614725109,35.404463,-80.876971,1,0,0
3734200,70145,0.106251635,21177,0.493495214,0.494423134,34.736866,-77.392666,1,0,0
3735200,42625,0.120374866,22088,0.479556071,0.462598731,35.47658,-80.6386,1,0,0
3736640,1480,0.037313433,38147,0.326147736,0.333009996,34.320055,-78.5206,1,0,0
3738040,12639,0.048784364,32910,0.181756346,0.333009996,36.105272,-80.424062,1,0,0
3743920,32797,0.095506997,18994,0.620676981,0.714989951,35.00159,-80.561279,1,0,0
3744520,18576,0.039189048,37496,0.614339445,0.525002019,35.834444,-78.840821,1,0,0
3755000,403892,0.07056848,30079,0.574147307,0.223818848,35.830204,-78.641439,1,0,0
3757500,57477,0.118897206,21779,0.510625176,0.223818848,35.968508,-77.808283,1,0,0
3759280,28094,0.108580908,19870,0.595523982,0.270885634,35.483463,-79.177659,1,0,0
3761200,20323,0.155639356,19867,0.529307832,0.333812589,35.287902,-81.541127,1,0,0
3764180,11964,0.115642458,16828,0.629813113,0.561605652,35.184571,-78.994692,1,0,0
3766360,2663,0.043189369,25569,0.188993437,0.561605652,34.693159,-77.13363,1,0,0
3770540,30117,0.061036727,31185,0.376143782,0.561605652,35.988697,-78.536658,1,0,0
3773660,5394,0.090616375,21351,0.547175833,0.561605652,34.330295,-78.701433,1,0,0
3774440,106476,0.086336996,26662,0.417381862,0.561605652,34.209225,-77.885767,1,0,0
3774540,49167,0.124960626,20503,0.58084885,0.524690091,35.734588,-77.931495,1,0,0
3832060,52838,0.048767366,24098,0.193102862,0.412316921,47.912789,-97.07501,0,1,0
3902092,1567,0.056338028,22105,0.050128508,0.466949375,40.39677,-84.176,0,1,0
3912168,4915,0.073349633,21078,0.033752056,0.351955748,39.580727,-84.319641,1,0,0
3915000,296943,0.107410376,23982,0.554335487,0.351955748,39.139902,-84.506446,1,0,0
3915644,13209,0.056370241,29728,0.378050703,0.292945113,39.869541,-84.325438,0,1,0
3918350,12841,0.119654842,17065,0.188021658,0.605443473,41.927299,-80.568382,1,0,0
3921000,141527,0.160942839,16702,0.546701552,0.605443473,39.777394,-84.199632,1,0,0
3922694,41751,0.038457864,49939,0.327670879,0.605443473,40.111304,-83.144314,1,0,0
3925914,32352,0.076598735,21649,0.272704622,0.282521392,39.795267,-84.011271,1,0,0
3929204,3641,0.092032119,20270,0.19091806,0.369960687,38.820155,-82.190916,1,0,0
3933012,62477,0.114605353,19709,0.2826304,0.526154028,39.394328,-84.565522,1,0,0
3939872,28904,0.11362836,19100,0.297659413,0.526154028,41.149143,-81.361122,1,0,0
3945094,9186,0.056928034,23614,0.032911218,0.526154028,40.836576,-81.264536,1,0,0
3945108,12081,0.054081122,32024,0.123752152,0.282120888,39.267517,-84.274553,1,0,0
3949434,20181,0.058326709,25527,0.117898555,0.493700509,39.630938,-84.270742,1,0,0
3950176,6709,0.069923664,28504,0.103956881,0.493700509,39.170811,-84.281874,1,0,0
3954852,3995,0.085221675,17636,0.073110537,0.493700509,39.744042,-84.394249,1,0,0
3967468,25201,0.131447314,21024,0.232710184,0.493700509,39.782613,-84.124345,1,0,0
3976876,9689,0.061340942,29798,0.079849593,0.493700509,39.965018,-84.185551,1,0,0
3977322,11869,0.055219872,22050,0.073955365,0.471494575,39.479073,-84.462008,1,0,0
3979002,33771,0.047199019,51049,0.148029106,0.222251733,40.027587,-83.070722,1,0,0
3983342,36120,0.046768023,35887,0.209770255,0.440837682,40.123435,-82.913324,1,0,0
3986730,8428,0.040090203,48958,0.28662383,0.292050498,39.229492,-84.481375,1,0,0
4009050,98850,0.039729258,28810,0.360209665,0.362557098,36.036529,-95.780996,1,0,0
4014700,18581,0.090245232,22043,0.458825049,0.220126567,36.313216,-95.610625,1,0,0
4023200,81405,0.04268351,37924,0.3094381,0.254694109,35.673807,-97.413076,1,0,0
4023950,49379,0.054452219,22087,0.322530053,0.250544462,36.405687,-97.869862,1,0,0
4031700,10191,0.072610097,18307,0.397802829,0.414278039,35.858455,-97.418568,1,0,0
4048000,13570,0.087236931,16619,0.484522906,0.296750342,36.887917,-94.872945,0,1,0
4052500,110925,0.062530731,26058,0.354106128,0.337381062,35.240577,-97.345306,1,0,0
4059850,25387,0.076188922,22470,0.359348749,0.271504331,36.721042,-97.068444,1,0,0
4066800,29857,0.07214599,19185,0.437918327,0.221320059,35.363903,-96.960453,1,0,0
4070300,45688,0.053033654,18610,0.357127905,0.359399735,36.137051,-97.072421,1,0,0
4075000,391906,0.070486116,26069,0.560502373,0.359399735,36.127949,-95.902316,0,1,0
4101000,50158,0.078290453,22133,0.22035513,0.49068025,44.626928,-123.096741,1,0,0
4103050,20078,0.081498011,28336,0.181355662,0.49068025,42.192172,-122.700426,0,1,0
4105800,76639,0.072279251,29520,0.162412085,0.49068025,44.05643,-121.308024,1,0,0
4115350,3866,0.041845494,20798,0.141910895,0.49068025,43.180331,-124.184163,1,0,0
4123800,2695,0.078125,18936,0.150946747,0.49068025,45.297544,-122.331858,1,0,0
4123850,156185,0.082308585,24917,0.255913509,0.39072137,44.056748,-123.116207,1,0,0
4130550,34533,0.111913823,20244,0.16988608,0.440974302,42.434113,-123.333166,1,0,0
4131250,105594,0.093025484,21609,0.398144879,0.440974302,45.502319,-122.441609,1,0,0
4136150,8590,0.089433058,19106,0.408699316,0.440974302,44.857784,-123.197681,1,0,0
4138500,36478,0.098084672,24553,0.300815377,0.303814813,45.002971,-123.024491,1,0,0
4140350,13082,0.079685746,20485,0.163969728,0.303814813,45.324471,-118.086891,1,0,0
4140550,36619,0.056119466,47704,0.198013658,0.303814813,45.412305,-122.699154,1,0,0
4150150,3286,0.034223135,18760,0.294478799,0.432192274,45.070293,-122.796353,1,0,0
4150950,3439,0.065031983,19498,0.173695989,0.336760719,43.02386,-123.2785,1,0,0
4154100,3205,0.16,20513,0.173317725,0.566323082,43.745007,-122.465261,1,0,0
4155200,31859,0.105978423,25084,0.166052579,0.566323082,45.341314,-122.592327,1,0,0
4161200,26215,0.138815632,19523,0.200050488,0.566323082,44.262753,-121.180137,1,0,0
4161300,4154,0.125160462,19646,0.132986194,0.539014636,43.698854,-124.111918,1,0,0
4163650,21181,0.139140835,22940,0.168443689,0.35135914,43.222336,-123.352482,1,0,0
4164900,154637,0.097348268,22196,0.353031803,0.445317989,44.923694,-123.023119,1,0,0
4165250,9570,0.105251736,22553,0.184389457,0.445317989,45.398073,-122.268802,1,0,0
4167100,18194,0.060783638,31047,0.211532445,0.445317989,45.359784,-122.843028,1,0,0
4167950,2038,0.061866126,25295,0.116868315,0.445317989,44.292082,-121.553384,0,1,0
4169600,59403,0.115523466,19023,0.252145446,0.743367734,44.053947,-122.981225,1,0,0
4174000,3465,0.171982489,18705,0.187229541,0.743367734,44.619392,-123.933703,1,0,0
4174850,15962,0.098616323,25129,0.291148516,0.43479368,45.53893,-122.393027,1,0,0
4174950,26054,0.079769108,30176,0.33391953,0.460278052,45.376716,-122.770379,1,0,0
4180150,25109,0.060305176,42483,0.173576987,0.289851503,45.367123,-122.639654,1,0,0
4181300,414,0.234899329,22640,0.065847511,0.570004053,45.687265,-123.887169,0,1,0
4183750,24080,0.141920989,16357,0.509116518,0.570004053,45.147683,-122.858568,1,0,0
4214712,13100,0.150215965,18153,0.619847876,0.510220626,39.985152,-75.819,1,0,0
4254656,34324,0.081565643,20123,0.66101522,0.393765822,40.122076,-75.33987,0,1,0
4270352,5492,0.065605096,20511,0.175145375,0.452675073,40.048366,-77.52256,1,0,0
4285152,41498,0.08302853,16712,0.354052883,0.577620694,41.246561,-75.875689,0,1,0
4500100,5237,0.206335973,14687,0.524227427,0.386462936,34.179935,-82.377913,1,0,0
4500550,29524,0.056526762,34013,0.471522657,0.349976128,33.529829,-81.727284,1,0,0
4501360,26686,0.118266305,18586,0.508911446,0.286198441,34.521166,-82.647326,1,0,0
4504690,12361,0.066861527,29257,0.480053104,0.408248043,32.44826,-80.710488,1,0,0
4505680,9069,0.150943396,13749,0.4804908,0.314036094,34.628189,-79.685901,1,0,0
4516000,129272,0.105815683,24221,0.553415832,0.490344562,34.029783,-80.896566,1,0,0
4516405,17103,0.088095544,21740,0.507534805,0.349258075,33.845395,-79.035298,1,0,0
4528060,12414,0.198880532,17648,0.539580982,0.321233818,35.0755,-81.657647,0,1,0
4530850,58409,0.083517257,30480,0.498896038,0.321233818,34.836902,-82.362997,1,0,0
4532560,7764,0.153710766,21815,0.524769368,0.547857616,34.362953,-80.081624,1,0,0
4549075,27109,0.078120823,28265,0.445363042,0.596103476,33.710801,-78.885862,1,0,0
4560280,4036,0.144595562,17310,0.574289398,0.646746119,32.468544,-80.925446,0,1,0
4568290,37013,0.122577977,21240,0.547576766,0.353774293,34.942294,-81.926907,1,0,0
4600100,26091,0.022924793,23121,0.154386724,0.394773351,45.464678,-98.468104,1,0,0
4708540,26702,0.076332053,22562,0.127784999,0.321454503,36.558788,-82.216961,1,0,0
4716540,34681,0.07243473,20602,0.433295628,0.229108981,35.622509,-87.049766,1,0,0
4727740,62487,0.044143343,36445,0.280009626,0.321038024,35.921251,-86.852281,0,1,0
4738320,63152,0.073329136,25575,0.237964624,0.228898599,36.338218,-82.377427,1,0,0
4739560,48205,0.077384196,24349,0.152642939,0.228898599,36.524936,-82.547383,1,0,0
4750280,29137,0.121832802,18666,0.377634601,0.28001381,36.203754,-83.296555,1,0,0
4755120,29330,0.072575276,30430,0.285650434,0.276556415,35.966483,-84.290549,1,0,0
4801924,84246,0.045449123,35658,0.453924092,0.40493694,33.107224,-96.674676,1,0,0
4804000,365438,0.081066964,25045,0.590377011,0.40493694,32.700708,-97.124691,1,0,0
4809556,13251,0.075106592,19482,0.330980891,0.528770146,35.659435,-101.40236,1,0,0
4811428,36690,0.057035481,27038,0.174832986,0.528770146,32.51872,-97.340903,1,0,0
4812532,13303,0.043595188,20282,0.211824911,0.27170441,34.992814,-101.911998,1,0,0
4813024,119097,0.056821161,31481,0.550696091,0.339484862,32.98836,-96.89977,1,0,0
4813492,45028,0.077507799,27247,0.594429739,0.328153697,32.58446,-96.95886,1,0,0
4815976,93857,0.063439215,20079,0.386137434,0.647516085,30.588623,-96.29601,1,0,0
4817000,305215,0.079984923,22921,0.328033969,0.36199469,27.754252,-97.173385,1,0,0
4819624,32010,0.065735365,28966,0.245935507,0.36199469,29.686945,-95.116541,1,0,0
4819972,113383,0.077010438,22940,0.43069254,0.36199469,33.215139,-97.141687,1,0,0
4820092,49047,0.068902159,27194,0.470910573,0.589318893,32.599349,-96.862941,1,0,0
4821892,26248,0.091055068,15123,0.212873516,0.589318893,28.711448,-100.481575,1,0,0
4824000,649121,0.071813148,17812,0.326290592,0.589318893,31.84836,-106.426979,1,0,0
4824768,51277,0.078205586,28743,0.527187807,0.589318893,32.849366,-97.078592,1,0,0
4825224,7248,0.050817342,55226,0.21706182,0.589318893,33.140653,-96.613511,0,1,0
4826232,64669,0.04661146,42631,0.286388657,0.589318893,33.037821,-97.113004,1,0,0
4826808,8283,0.048407643,21982,0.340933472,0.589318893,30.892673,-102.885707,1,0,0
4827000,741206,0.081470376,23792,0.565316712,0.352426909,32.779542,-97.346335,1,0,0
4829660,6441,0.088401254,19504,0.393449182,0.352426909,32.543338,-94.945318,1,0,0
4830464,175396,0.08343043,21412,0.639139452,0.352426909,32.684193,-97.020995,1,0,0
4830644,46334,0.053347478,36430,0.328439849,0.352426909,32.934107,-97.076533,1,0,0
4832312,26700,0.07975176,24161,0.548859249,0.352426909,31.056708,-97.644221,1,0,0
4832372,64849,0.063108398,17330,0.228508314,0.265124331,26.191204,-97.697383,1,0,0
4835624,14698,0.078614544,23728,0.449384053,0.255798043,30.538092,-97.549645,1,0,0
4837000,216290,0.081504862,26016,0.644636822,0.255798043,32.857748,-96.970022,1,0,0
4837528,2106,0.150385604,15933,0.512759186,0.672978864,32.763009,-94.350834,0,1,0
4838632,39627,0.04557433,43654,0.193753272,0.48737752,32.932884,-97.224496,1,0,0
4839040,22347,0.054670415,25589,0.246486326,0.48737752,30.038317,-99.131069,1,0,0
4839124,12975,0.051463169,20091,0.452658432,0.289195964,32.397809,-94.859589,1,0,0
4839952,28016,0.057923853,23266,0.409051815,0.289195964,30.002102,-97.863669,1,0,0
4841212,36361,0.089674666,21715,0.475447099,0.289195964,32.595889,-96.777954,1,0,0
4841464,236091,0.072719715,14447,0.219044955,0.251046515,27.547681,-99.486931,1,0,0
4843012,25898,0.08378627,25149,0.483357609,0.516712056,33.17669,-96.929027,1,0,0
4843888,80455,0.075537463,22182,0.532339525,0.516712056,32.519305,-94.76481,1,0,0
4845384,129877,0.06352699,19490,0.281066662,0.446572796,26.218512,-98.246145,1,0,0
4845744,131117,0.045825643,31635,0.417853983,0.446572796,33.201241,-96.667979,1,0,0
4848072,111147,0.041107246,31592,0.402057361,0.694517243,32.029931,-102.109697,1,0,0
4848804,67358,0.066529572,31189,0.680025074,0.118266166,29.565156,-95.538175,1,0,0
4849800,15564,0.097108396,14917,0.581253289,0.494204753,33.159517,-94.972146,1,0,0
4850472,7049,0.09406657,12463,0.605590991,0.202829318,30.388978,-96.089076,1,0,0
4852356,63343,0.05512129,30369,0.288661507,0.199599737,32.862042,-97.214758,1,0,0
4853388,99940,0.053668184,24422,0.400533988,0.217822177,31.880378,-102.343406,1,0,0
4854444,3492,0.044954567,43117,0.241167342,0.343470456,32.541277,-96.883463,1,0,0
4855080,25171,0.083015267,18062,0.485943393,0.343470456,33.668144,-95.543979,1,0,0
4856348,91252,0.043844249,34052,0.565938896,0.312014868,29.555761,-95.32307,1,0,0
4858820,53818,0.113305705,17086,0.672842064,0.775603033,29.833402,-93.96632,1,0,0
4862504,5962,0.024985963,29475,0.272731943,0.194753864,33.010091,-97.22917,1,0,0
4863572,56199,0.053456157,30836,0.45646009,0.473749172,32.915922,-96.548673,1,0,0
4864472,93200,0.067504538,21827,0.334745736,0.155755645,31.438912,-100.45185,1,0,0
4865000,1327407,0.071148049,21812,0.438495975,0.37734983,29.472403,-98.525142,1,0,0
4865600,44894,0.096314908,15021,0.362834574,0.153240421,29.876898,-97.93157,1,0,0
4866392,11952,0.069244879,35225,0.270522392,0.152644673,29.592971,-94.993424,1,0,0
4867268,3035,0.024297646,89348,0.165303746,0.422829341,29.584448,-98.556179,1,0,0
4868624,11202,0.070302779,22986,0.348127459,0.422829341,32.713547,-100.91073,1,0,0
4870808,78817,0.051003429,41897,0.597267731,0.422829341,29.596927,-95.629429,1,0,0
4872176,66102,0.049066181,25740,0.49185713,0.422829341,31.105656,-97.382522,1,0,0
4872368,36411,0.105136625,23007,0.552019649,0.422829341,33.448105,-94.081217,1,0,0
4872530,36328,0.052619485,32159,0.411885098,0.422829341,33.089609,-96.903328,1,0,0
4876000,124805,0.092899419,17323,0.574343225,0.422829341,31.560111,-97.186027,1,0,0
4876672,23497,0.061329444,22530,0.357013254,0.287396578,32.871799,-97.251488,1,0,0
4876816,29621,0.071296296,21794,0.401692359,0.245747173,32.402674,-96.842674,1,0,0
4876864,25250,0.057753524,23641,0.196594357,0.754517138,32.755397,-97.765731,1,0,0
4879000,104553,0.057013477,22079,0.435628839,0.24333183,33.906699,-98.525854,1,0,0
4880224,8452,0.032503809,34625,0.163629378,0.397451859,31.498334,-97.230789,1,0,0
4901310,26263,0.036658974,21035,0.138784128,0.194350139,40.381552,-111.793603,0,1,0
4907690,42552,0.046453296,30149,0.130756913,0.194350139,40.872477,-111.86121,1,0,0
4911980,15335,0.043577982,30015,0.094631312,0.194350139,40.926281,-111.883399,1,0,0
4913850,30112,0.067559524,18026,0.319996424,0.194350139,41.096778,-112.017469,1,0,0
4916270,33433,0.048015123,34902,0.164366996,0.401319108,40.615295,-111.815178,1,0,0
4920120,42274,0.041246034,30414,0.178839878,0.401319108,40.495191,-111.860651,1,0,0
4920810,21415,0.055602716,16708,0.151904946,0.401319108,40.314235,-112.002685,1,0,0
4935190,15523,0.064884069,27509,0.079998256,0.119376814,40.427062,-111.795474,0,1,0
4944320,47407,0.055517439,21315,0.139127773,0.119376814,40.416671,-111.878951,0,1,0
4957300,88328,0.052466918,20678,0.27327984,0.119376814,40.298709,-111.69919,1,0,0
4958730,18294,0.073281626,17192,0.176581161,0.119376814,40.035806,-111.729793,1,0,0
4960930,33509,0.057198255,23015,0.14874627,0.119376814,40.371423,-111.741117,0,1,0
4967660,6003,0.074368231,25177,0.107432596,0.119376814,37.131392,-113.656621,1,0,0
4970850,50418,0.049708912,28387,0.15936477,0.119376814,40.555303,-111.978584,0,1,0
4970960,16532,0.088323699,25839,0.226292362,0.160194579,41.171494,-111.956818,1,0,0
4983390,9511,0.058711721,23745,0.148960722,0.266686518,41.121733,-112.098232,1,0,0
5048850,4589,0.104606526,17609,0.103054568,0.519552209,44.941704,-72.219478,1,0,0
5103368,7225,0.053921569,23569,0.442372979,0.299332024,37.760332,-77.470734,1,0,0
5130496,2034,0.07780725,21847,0.096659638,0.309312506,36.644557,-82.579902,1,0,0
5135624,48914,0.067276137,,0.366492375,0.442065365,38.436013,-78.874197,1,0,0
5142424,1487,0.040995608,23093,0.469500974,0.532900533,37.710736,-76.382853,1,0,0
5147144,1555,0.062571104,25225,0.50023056,0.387478673,38.016877,-77.999176,1,0,0
5147672,75568,0.099048407,21586,0.497446065,0.198113204,37.399016,-79.195458,1,0,0
5148952,37821,0.064544694,28941,0.562263754,0.561273337,38.747561,-77.484727,1,0,0
5151448,673,0.063636364,40950,0.354867982,0.426116732,38.970978,-77.739706,1,0,0
5154904,2029,0.044368601,20364,0.048462887,0.552160406,37.331302,-80.809284,1,0,0
5156000,180719,0.078504403,24249,0.588903988,0.622858292,37.075978,-76.521719,1,0,0
5157000,242803,0.09562887,23773,0.587875502,0.702005843,36.923015,-76.244641,1,0,0
5165392,16408,0.112562027,16496,0.235801423,0.493354928,37.120036,-80.557048,1,0,0
5168000,97032,0.067463918,22530,0.503181634,0.582854818,37.27783,-79.958472,1,0,0
5186720,26203,0.067762796,26341,0.417865104,0.489432558,39.173869,-78.176356,1,0,0
5304475,17571,0.076704545,20634,0.176926568,0.468053154,45.776972,-122.540766,0,1,0
5305210,122363,0.053030418,45972,0.526122098,0.468053154,47.597839,-122.156489,1,0,0
5308850,33313,0.070110298,30648,0.549066515,0.476412462,47.46917,-122.364291,1,0,0
5323795,9173,0.088388576,25077,0.630946672,0.476412462,47.23206,-122.351726,0,1,0
5333805,30434,0.055057448,45356,0.40719157,0.372753912,47.540384,-122.042061,0,1,0
5336745,42393,0.079263938,28126,0.428187037,0.70504612,47.043087,-122.798231,1,0,0
5338038,58163,0.099823118,26760,0.594919071,0.70504612,47.163278,-122.529535,1,0,0
5343955,60020,0.070496863,25738,0.345176891,0.70504612,48.082792,-122.152876,0,1,0
5347490,19909,0.065946814,25994,0.457259273,0.70504612,47.79433,-122.30261,1,0,0
5353545,59781,0.08814258,17374,0.530095891,0.51938959,46.250954,-119.131303,1,0,0
5355365,19038,0.085987261,21931,0.206259572,0.51938959,48.118955,-123.448343,1,0,0
5361115,45780,0.039050254,52044,0.401678356,0.51938959,47.604286,-122.038306,1,0,0
5363385,6606,0.082185886,23155,0.162629566,0.51938959,48.075006,-123.095662,1,0,0
5370000,198397,0.093234407,25377,0.541546544,0.556451579,47.252199,-122.459832,1,0,0
5373465,31144,0.08491135,29753,0.468812535,0.556451579,47.215326,-122.546731,1,0,0
5374060,161791,0.104659194,25792,0.331959797,0.557153808,45.637236,-122.596516,1,0,0
5380010,91067,0.110856454,20771,0.472976537,0.416998761,46.592211,-120.546838,1,0,0
5426452,18704,0.082875845,19452,0.202358294,0.359143284,39.476877,-80.149089,1,0,0
5486452,28486,0.074203956,21968,0.165696235,0.342547374,40.073906,-80.69537,1,0,0
5503225,8216,0.110673666,19796,0.235150807,0.585739414,46.58234,-90.870633,0,1,0
5506350,14570,0.037318754,27725,0.228243281,0.449355063,44.460771,-87.955938,1,0,0
5506500,36966,0.137949718,18145,0.481074294,0.449355063,42.523506,-89.01766,1,0,0
5506925,5524,0.07232608,22674,0.125805517,0.705997617,43.970632,-88.950143,1,0,0
5511200,10464,0.090909091,25989,0.136853897,0.486841115,42.67528,-88.271921,1,0,0
5513375,11412,0.026636569,34738,0.072296593,0.339874528,43.298547,-87.989107,0,1,0
5519450,8463,0.082342771,20024,0.316193116,0.422061822,42.628793,-88.631654,0,1,0
5533100,9110,0.069463415,33474,0.094738005,0.356572811,43.102318,-88.335507,1,0,0
5535950,17399,0.049015411,27610,0.119585201,0.482222391,44.568621,-88.071724,1,0,0
5537825,63575,0.086785725,23810,0.156587419,0.56359237,42.684698,-89.01317,1,0,0
5551000,35626,0.042052449,34048,0.158901917,0.56359237,44.8892,-91.90957,1,0,0
5554500,3988,0.07347973,24118,0.047864381,0.527980957,44.790723,-89.684582,1,0,0
5556925,7295,0.067673087,22419,0.129200533,0.39782436,44.39591,-88.73861,0,1,0
5560500,66083,0.062581148,21768,0.178149649,0.280781414,44.022628,-88.562352,1,0,0
5563250,11224,0.047346251,16523,0.101487626,0.32718897,42.733261,-90.470851,1,0,0
5566800,9200,0.07111282,22216,0.09124284,0.32718897,43.535062,-89.99738,0,1,0
5567475,11300,0.056046756,38281,0.061555361,0.32718897,43.23939,-88.234017,1,0,0
5578600,29364,0.053330086,31135,0.262885619,0.362886163,43.181961,-89.235717,0,1,0
5584250,70718,0.053343851,28197,0.218905908,0.467438235,43.009084,-88.245062,0,1,0
5600245,1911,0.053753475,19165,0.111453123,0.136922818,42.729395,-110.931646,0,1,0